index,ORG_url,country
0,/organizations/8738/,/static/img/flag-icons/flags_iso/16/tw.png
1,/organizations/18810/,/static/img/flag-icons/flags_iso/16/de.png
2,/organizations/17892/,/static/img/flag-icons/flags_iso/16/af.png
3,/organizations/4821/,/static/img/flag-icons/flags_iso/16/za.png
4,/organizations/15230/,/static/img/flag-icons/flags_iso/16/ch.png
5,/organizations/8258/,/static/img/flag-icons/flags_iso/16/us.png
6,/organizations/18782/,/static/img/flag-icons/flags_iso/16/ph.png
9,/organizations/14766/,/static/img/flag-icons/flags_iso/16/cn.png
10,/organizations/22231/,/static/img/flag-icons/flags_iso/16/pe.png
11,/organizations/10506/,/static/img/flag-icons/flags_iso/16/.png
13,/organizations/3121/,/static/img/flag-icons/flags_iso/16/ar.png
14,/organizations/4382/,/static/img/flag-icons/flags_iso/16/br.png
15,/organizations/17231/,/static/img/flag-icons/flags_iso/16/hk.png
17,/organizations/14671/,/static/img/flag-icons/flags_iso/16/hu.png
18,/organizations/21057/,/static/img/flag-icons/flags_iso/16/vn.png
19,/organizations/1550/,/static/img/flag-icons/flags_iso/16/tr.png
20,/organizations/804/,/static/img/flag-icons/flags_iso/16/es.png
21,/organizations/3674/,/static/img/flag-icons/flags_iso/16/jp.png
22,/organizations/9636/,/static/img/flag-icons/flags_iso/16/il.png
23,/organizations/15038/,/static/img/flag-icons/flags_iso/16/at.png
24,/organizations/1552/,/static/img/flag-icons/flags_iso/16/it.png
25,/organizations/10509/,/static/img/flag-icons/flags_iso/16/gb.png
29,/organizations/1553/,/static/img/flag-icons/flags_iso/16/se.png
30,/organizations/6334/,/static/img/flag-icons/flags_iso/16/fi.png
31,/organizations/3494/,/static/img/flag-icons/flags_iso/16/au.png
36,/organizations/21647/,/static/img/flag-icons/flags_iso/16/dk.png
39,/organizations/22353/,/static/img/flag-icons/flags_iso/16/nz.png
40,/organizations/19196/,/static/img/flag-icons/flags_iso/16/lk.png
41,/organizations/13504/,/static/img/flag-icons/flags_iso/16/in.png
47,/organizations/9365/,/static/img/flag-icons/flags_iso/16/ie.png
49,/organizations/8394/,/static/img/flag-icons/flags_iso/16/ru.png
52,/organizations/10494/,/static/img/flag-icons/flags_iso/16/fr.png
55,/organizations/17881/,/static/img/flag-icons/flags_iso/16/ca.png
56,/organizations/4377/,/static/img/flag-icons/flags_iso/16/co.png
65,/organizations/21062/,/static/img/flag-icons/flags_iso/16/ug.png
71,/organizations/13614/,/static/img/flag-icons/flags_iso/16/lt.png
75,/organizations/301/,/static/img/flag-icons/flags_iso/16/nl.png
78,/organizations/1558/,/static/img/flag-icons/flags_iso/16/pt.png
79,/organizations/17768/,/static/img/flag-icons/flags_iso/16/sg.png
85,/organizations/5777/,/static/img/flag-icons/flags_iso/16/ae.png
102,/organizations/601/,/static/img/flag-icons/flags_iso/16/cl.png
103,/organizations/21839/,/static/img/flag-icons/flags_iso/16/eg.png
104,/organizations/1554/,/static/img/flag-icons/flags_iso/16/gr.png
114,/organizations/16768/,/static/img/flag-icons/flags_iso/16/gh.png
115,/organizations/1065/,/static/img/flag-icons/flags_iso/16/ng.png
125,/organizations/5277/,/static/img/flag-icons/flags_iso/16/mx.png
126,/organizations/21866/,/static/img/flag-icons/flags_iso/16/ec.png
139,/organizations/18521/,/static/img/flag-icons/flags_iso/16/lu.png
144,/organizations/603/,/static/img/flag-icons/flags_iso/16/kh.png
168,/organizations/6687/,/static/img/flag-icons/flags_iso/16/sa.png
171,/organizations/18665/,/static/img/flag-icons/flags_iso/16/pl.png
179,/organizations/17180/,/static/img/flag-icons/flags_iso/16/id.png
194,/organizations/22567/,/static/img/flag-icons/flags_iso/16/no.png
214,/organizations/13622/,/static/img/flag-icons/flags_iso/16/hr.png
215,/organizations/22036/,/static/img/flag-icons/flags_iso/16/ro.png
226,/organizations/19148/,/static/img/flag-icons/flags_iso/16/th.png
230,/organizations/17582/,/static/img/flag-icons/flags_iso/16/my.png
234,/organizations/10666/,/static/img/flag-icons/flags_iso/16/uy.png
254,/organizations/4120/,/static/img/flag-icons/flags_iso/16/kr.png
267,/organizations/13375/,/static/img/flag-icons/flags_iso/16/ve.png
274,/organizations/9632/,/static/img/flag-icons/flags_iso/16/hn.png
295,/organizations/16258/,/static/img/flag-icons/flags_iso/16/sv.png
297,/organizations/16917/,/static/img/flag-icons/flags_iso/16/mu.png
308,/organizations/17122/,/static/img/flag-icons/flags_iso/16/zw.png
315,/organizations/22545/,/static/img/flag-icons/flags_iso/16/ma.png
335,/organizations/3941/,/static/img/flag-icons/flags_iso/16/kw.png
353,/organizations/22380/,/static/img/flag-icons/flags_iso/16/gt.png
355,/organizations/10288/,/static/img/flag-icons/flags_iso/16/cz.png
478,/organizations/3009/,/static/img/flag-icons/flags_iso/16/al.png
479,/organizations/8387/,/static/img/flag-icons/flags_iso/16/bh.png
522,/organizations/7892/,/static/img/flag-icons/flags_iso/16/pk.png
527,/organizations/5478/,/static/img/flag-icons/flags_iso/16/bo.png
528,/organizations/22108/,/static/img/flag-icons/flags_iso/16/cr.png
543,/organizations/7501/,/static/img/flag-icons/flags_iso/16/be.png
545,/organizations/15187/,/static/img/flag-icons/flags_iso/16/qa.png
681,/organizations/18664/,/static/img/flag-icons/flags_iso/16/mg.png
755,/organizations/7038/,/static/img/flag-icons/flags_iso/16/sk.png
784,/organizations/16732/,/static/img/flag-icons/flags_iso/16/ao.png
861,/organizations/9066/,/static/img/flag-icons/flags_iso/16/do.png
916,/organizations/4328/,/static/img/flag-icons/flags_iso/16/jo.png
923,/organizations/3938/,/static/img/flag-icons/flags_iso/16/bm.png
965,/organizations/6917/,/static/img/flag-icons/flags_iso/16/ua.png
1006,/organizations/18700/,/static/img/flag-icons/flags_iso/16/is.png
1106,/organizations/15471/,/static/img/flag-icons/flags_iso/16/ee.png
1138,/organizations/18426/,/static/img/flag-icons/flags_iso/16/lv.png
1178,/organizations/21880/,/static/img/flag-icons/flags_iso/16/cy.png
1265,/organizations/17366/,/static/img/flag-icons/flags_iso/16/pa.png
1318,/organizations/16759/,/static/img/flag-icons/flags_iso/16/bf.png
1351,/organizations/17543/,/static/img/flag-icons/flags_iso/16/ir.png
1397,/organizations/18953/,/static/img/flag-icons/flags_iso/16/fo.png
1420,/organizations/16854/,/static/img/flag-icons/flags_iso/16/ke.png
1428,/organizations/7021/,/static/img/flag-icons/flags_iso/16/rs.png
1483,/organizations/17073/,/static/img/flag-icons/flags_iso/16/st.png
1485,/organizations/19381/,/static/img/flag-icons/flags_iso/16/py.png
1527,/organizations/6378/,/static/img/flag-icons/flags_iso/16/bd.png
1528,/organizations/7599/,/static/img/flag-icons/flags_iso/16/lb.png
1556,/organizations/6537/,/static/img/flag-icons/flags_iso/16/om.png
1567,/organizations/10547/,/static/img/flag-icons/flags_iso/16/ge.png
1575,/organizations/17072/,/static/img/flag-icons/flags_iso/16/rw.png
1587,/organizations/6648/,/static/img/flag-icons/flags_iso/16/na.png
1593,/organizations/16763/,/static/img/flag-icons/flags_iso/16/bi.png
1594,/organizations/16852/,/static/img/flag-icons/flags_iso/16/gn.png
1614,/organizations/15262/,/static/img/flag-icons/flags_iso/16/bw.png
1883,/organizations/10005/,/static/img/flag-icons/flags_iso/16/bg.png
1961,/organizations/1624/,/static/img/flag-icons/flags_iso/16/by.png
2045,/organizations/9293/,/static/img/flag-icons/flags_iso/16/pg.png
2138,/organizations/21565/,/static/img/flag-icons/flags_iso/16/fj.png
2157,/organizations/21568/,/static/img/flag-icons/flags_iso/16/uz.png
2447,/organizations/21860/,/static/img/flag-icons/flags_iso/16/ni.png
3101,/organizations/15243/,/static/img/flag-icons/flags_iso/16/si.png
3139,/organizations/18637/,/static/img/flag-icons/flags_iso/16/mm.png
3373,/organizations/13617/,/static/img/flag-icons/flags_iso/16/ci.png
3380,/organizations/4274/,/static/img/flag-icons/flags_iso/16/mo.png
3525,/organizations/16766/,/static/img/flag-icons/flags_iso/16/et.png
3544,/organizations/17098/,/static/img/flag-icons/flags_iso/16/zm.png
3653,/organizations/17080/,/static/img/flag-icons/flags_iso/16/tz.png
3666,/organizations/1187/,/static/img/flag-icons/flags_iso/16/ad.png
3781,/organizations/9120/,/static/img/flag-icons/flags_iso/16/cv.png
4373,/organizations/15302/,/static/img/flag-icons/flags_iso/16/tg.png
4711,/organizations/9357/,/static/img/flag-icons/flags_iso/16/ly.png
4826,/organizations/8107/,/static/img/flag-icons/flags_iso/16/kz.png
4880,/organizations/22003/,/static/img/flag-icons/flags_iso/16/mw.png
5181,/organizations/17076/,/static/img/flag-icons/flags_iso/16/sz.png
5994,/organizations/8948/,/static/img/flag-icons/flags_iso/16/gl.png
6989,/organizations/6430/,/static/img/flag-icons/flags_iso/16/md.png
7498,/organizations/21608/,/static/img/flag-icons/flags_iso/16/jm.png
8440,/organizations/11327/,/static/img/flag-icons/flags_iso/16/kg.png
8718,/organizations/10373/,/static/img/flag-icons/flags_iso/16/li.png
8919,/organizations/16996/,/static/img/flag-icons/flags_iso/16/je.png
9008,/organizations/10467/,/static/img/flag-icons/flags_iso/16/mt.png
9403,/organizations/18002/,/static/img/flag-icons/flags_iso/16/sn.png
9491,/organizations/7291/,/static/img/flag-icons/flags_iso/16/mn.png
9843,/organizations/19317/,/static/img/flag-icons/flags_iso/16/tt.png
9855,/organizations/21414/,/static/img/flag-icons/flags_iso/16/im.png
9956,/organizations/18852/,/static/img/flag-icons/flags_iso/16/ye.png
10537,/organizations/983/,/static/img/flag-icons/flags_iso/16/ps.png
12175,/organizations/570/,/static/img/flag-icons/flags_iso/16/sc.png
12664,/organizations/19363/,/static/img/flag-icons/flags_iso/16/az.png
12684,/organizations/16767/,/static/img/flag-icons/flags_iso/16/ga.png
12690,/organizations/16764/,/static/img/flag-icons/flags_iso/16/cm.png
13164,/organizations/21644/,/static/img/flag-icons/flags_iso/16/sr.png
13275,/organizations/5402/,/static/img/flag-icons/flags_iso/16/sy.png
15592,/organizations/18608/,/static/img/flag-icons/flags_iso/16/mk.png
